insert into users (user_id, username, password, name, phone, job, mod_date, reg_date) values (1, 'dmcclure0', 'pO2(eO73)%@', 'Devondra McClure', '134-221-0694', 'Financial Analyst', '2023-04-08 18:34:19', '2023-12-31 06:36:58');
insert into users (user_id, username, password, name, phone, job, mod_date, reg_date) values (2, 'cmasterson1', 'bE0''*PeV|k=H=', 'Cesar Masterson', '125-693-1152', 'VP Sales', '2024-03-11 00:53:52', '2023-12-08 13:55:58');
insert into users (user_id, username, password, name, phone, job, mod_date, reg_date) values (3, 'scurbishley2', 'rZ4${k.YiMf}3I7I', 'Sansone Curbishley', '636-360-1862', 'Environmental Specialist', '2023-10-08 23:58:44', '2023-06-05 04:39:48');
insert into users (user_id, username, password, name, phone, job, mod_date, reg_date) values (4, 'ifydo3', 'lH8?yz/jIw.!P', 'Iggie Fydo', '519-984-2323', 'Director of Sales', '2023-12-19 17:33:02', '2023-09-08 08:56:05');
insert into users (user_id, username, password, name, phone, job, mod_date, reg_date) values (5, 'ablowers4', 'fJ5|RgdI', 'Abran Blowers', '705-815-8897', 'Junior Executive', '2023-06-02 14:43:32', '2023-10-23 18:24:40');
insert into users (user_id, username, password, name, phone, job, mod_date, reg_date) values (6, 'bchoat5', 'xH0!g8Pm)ms8s', 'Bobbie Choat', '473-356-3937', 'Programmer Analyst IV', '2023-10-08 23:58:54', '2023-06-05 04:31:48');
insert into users (user_id, username, password, name, phone, job, mod_date, reg_date) values (7, 'bdymocke6', 'lL2@o8>h''v>{uN6E', 'Binni Dymocke', '262-590-2784', 'Biostatistician IV', '2023-12-19 17:33:02', '2023-09-08 08:56:05');
insert into users (user_id, username, password, name, phone, job, mod_date, reg_date) values (8, 'lgrishankov7', 'rM1%3bagO', 'Lauree Grishankov', '941-570-9724', 'Quality Engineer', '2024-01-02 14:43:32', '2024-1-11 18:24:40');
insert into users (user_id, username, password, name, phone, job, mod_date, reg_date) values (9, 'hbackler8', 'wX7#XE}Avf', 'Heath Backler', '527-721-1008', 'GIS Technical Architect', '2023-04-08 18:34:19', '2023-12-31 06:36:58');
insert into users (user_id, username, password, name, phone, job, mod_date, reg_date) values (10, 'aparmiter9', 'jW7!nU+_1', 'Aksel Parmiter', '927-672-4952', 'Pharmacist', '2024-03-11 00:53:52', '2023-12-08 13:55:58');
insert into users (user_id, username, password, name, phone, job, mod_date, reg_date) values (11, 'hschrotera', 'eB0|D`c${<m9H(V>', 'Harry Schroter', '649-823-1683', 'Executive Secretary', '2023-06-02 14:43:32', '2023-10-23 18:24:40');
insert into users (user_id, username, password, name, phone, job, mod_date, reg_date) values (12, 'rleipoldb', 'yX9/m$f(L)+', 'Regine Leipold', '849-396-1575', 'Design Engineer', '2023-08-10 12:39:39', '2023-06-22 12:28:10');
insert into users (user_id, username, password, name, phone, job, mod_date, reg_date) values (13, 'kgerlackc', 'zX7%+@L0JW', 'Karylin Gerlack', '282-269-0187', 'Accountant IV', '2024-02-10 10:53:34', '2023-04-28 19:21:10');
insert into users (user_id, username, password, name, phone, job, mod_date, reg_date) values (14, 'cpoulsomd', 'xG5$x*6p=l|', 'Constantia Poulsom', '530-232-6860', 'Accounting Assistant II', '2023-10-24 07:23:49', '2023-09-06 12:29:18');
insert into users (user_id, username, password, name, phone, job, mod_date, reg_date) values (15, 'tmandrye', 'kY7!>o~''', 'Tedmund Mandry', '971-790-9016', 'Senior Developer', '2024-01-09 17:52:26', '2024-01-03 06:33:31');
insert into users (user_id, username, password, name, phone, job, mod_date, reg_date) values (16, 'mlef', 'mW9_m(xa9yc', 'Margery Le Quesne', '110-411-3680', 'Automation Specialist III', '2023-08-10 12:39:39', '2023-06-22 12:28:10');
insert into users (user_id, username, password, name, phone, job, mod_date, reg_date) values (17, 'rhewsg', 'jV3,puZ*tcgp', 'Rubia Hews', '711-931-6157', 'Structural Engineer', '2023-08-10 12:39:39', '2023-06-22 12:28:10');
insert into users (user_id, username, password, name, phone, job, mod_date, reg_date) values (18, 'lbavinh', 'yK9,_,CS@@#X1%', 'Linea Bavin', '216-459-5160', 'Editor', '2023-08-22 22:35:11', '2023-07-06 06:42:17');
insert into users (user_id, username, password, name, phone, job, mod_date, reg_date) values (19, 'ysevini', 'oX2=n(I}', 'Yevette Sevin', '897-942-8938', 'Accounting Assistant IV', '2023-12-02 05:19:43', '2024-01-06 04:44:20');
insert into users (user_id, username, password, name, phone, job, mod_date, reg_date) values (20, 'bhoppnerj', 'cC7!ex0`WSUn', 'Babbette Hoppner', '954-519-5620', 'VP Sales', '2023-05-05 00:10:49', '2024-02-28 04:32:04');

insert into boards (board_id, board_name, board_type, mod_date, reg_date) values (1, 'REVIEW','Retype','2023-05-05 00:10:49', '2024-05-05 00:10:49');
insert into boards (board_id, board_name, board_type, mod_date, reg_date) values (2, 'QNA','QNAtype','2023-09-30 08:20:52', '2023-12-05 00:12:51');

insert into articles (article_id, title, content, writer_id, board_id, mod_date, reg_date) values (1, 'Man in the Gray Flannel Suit, The', 'Apt 530', 6, 1, '2023-05-05 00:10:49', '2024-02-28 04:32:04');
insert into articles (article_id, title, content, writer_id, board_id, mod_date, reg_date) values (2, 'Advantageous', 'Apt 1031', 17, 2, '2023-04-14 12:07:46', '2023-09-30 08:20:52');
insert into articles (article_id, title, content, writer_id, board_id, mod_date, reg_date) values (3, 'Prince of Central Park, The', 'Apt 955', 9, 2, '2024-01-16 19:23:29', '2024-01-29 03:11:26');
insert into articles (article_id, title, content, writer_id, board_id, mod_date, reg_date) values (4, 'Secret Ceremony', 'Apt 1323', 6, 2, '2024-01-06 16:32:58', '2023-09-19 15:03:49');
insert into articles (article_id, title, content, writer_id, board_id, mod_date, reg_date) values (5, 'Everything About Mustafa (Mustafa hakkinda hersey)', '5th Floor', 1, 1, '2023-12-02 05:19:43', '2024-01-06 04:44:20');
insert into articles (article_id, title, content, writer_id, board_id, mod_date, reg_date) values (6, 'Wedding Weekend, The (Sing Now or Forever Hold Your Peace) (Shut Up and Sing)', 'Room 446', 15, 1, '2023-04-13 23:03:48', '2024-03-10 03:25:24');
insert into articles (article_id, title, content, writer_id, board_id, mod_date, reg_date) values (7, 'Near East, The (El Proximo Oriente)', 'PO Box 78099', 6, 2, '2023-08-22 22:35:11', '2023-07-06 06:42:17');
insert into articles (article_id, title, content, writer_id, board_id, mod_date, reg_date) values (8, 'Days and Hours (Kod amidze Idriza)', 'Suite 76', 4, 1, '2023-07-29 19:26:59', '2024-04-05 22:11:04');
insert into articles (article_id, title, content, writer_id, board_id, mod_date, reg_date) values (9, 'The Batman vs. Dracula', 'Apt 1052', 16, 1, '2023-06-21 16:58:36', '2023-10-24 02:38:07');
insert into articles (article_id, title, content, writer_id, board_id, mod_date, reg_date) values (10, '1939: Hollywood''s Greatest Year', 'Apt 1256', 18, 2, '2023-08-10 12:39:39', '2023-06-22 12:28:10');
insert into articles (article_id, title, content, writer_id, board_id, mod_date, reg_date) values (11, 'Finding Normal', 'Apt 1632', 14, 2, '2023-12-27 21:43:35', '2023-07-16 22:14:00');
insert into articles (article_id, title, content, writer_id, board_id, mod_date, reg_date) values (12, 'Homeward Bound: The Incredible Journey', 'Suite 67', 12, 2, '2023-10-22 07:19:26', '2023-07-31 06:54:25');
insert into articles (article_id, title, content, writer_id, board_id, mod_date, reg_date) values (13, 'Possession', 'Suite 96', 2, 2, '2023-07-28 16:21:23', '2024-02-28 09:10:53');
insert into articles (article_id, title, content, writer_id, board_id, mod_date, reg_date) values (14, 'Tuya''s Marriage (Tuya de hun shi)', 'PO Box 3498', 2, 1, '2024-03-10 12:34:41', '2024-02-13 13:15:06');
insert into articles (article_id, title, content, writer_id, board_id, mod_date, reg_date) values (15, 'English Patient, The', 'PO Box 24618', 17, 1, '2023-10-24 07:23:49', '2023-09-06 12:29:18');
insert into articles (article_id, title, content, writer_id, board_id, mod_date, reg_date) values (16, 'King - Jari Litmanen, The (Kuningas Litmanen)', '7th Floor', 14, 1, '2024-02-10 10:53:34', '2023-04-28 19:21:10');
insert into articles (article_id, title, content, writer_id, board_id, mod_date, reg_date) values (17, 'Dark Crystal, The', 'Room 1129', 19, 2, '2024-01-09 17:52:26', '2024-01-03 06:33:31');
insert into articles (article_id, title, content, writer_id, board_id, mod_date, reg_date) values (18, 'Most Hated Family in America, The', 'PO Box 1120', 7, 2, '2023-07-22 14:50:33', '2024-03-18 03:17:18');
insert into articles (article_id, title, content, writer_id, board_id, mod_date, reg_date) values (19, 'Devil''s Rain, The', 'Room 1383', 8, 2, '2023-12-01 13:20:30', '2023-10-28 16:37:09');
insert into articles (article_id, title, content, writer_id, board_id, mod_date, reg_date) values (20, 'Funny Girl', '2nd Floor', 11, 1, '2023-04-29 07:02:51', '2023-06-22 01:45:42');
insert into articles (article_id, title, content, writer_id, board_id, mod_date, reg_date) values (21, 'Naked Blood: Megyaku (Nekeddo burâddo: Megyaku)', 'Room 1033', 16, 2, '2023-06-02 14:43:32', '2023-10-23 18:24:40');
insert into articles (article_id, title, content, writer_id, board_id, mod_date, reg_date) values (22, 'William Kunstler: Disturbing the Universe', 'Apt 1627', 8, 2, '2023-08-29 22:58:08', '2024-03-11 10:26:45');
insert into articles (article_id, title, content, writer_id, board_id, mod_date, reg_date) values (23, 'Kiss, The', 'PO Box 30279', 19, 2, '2024-03-11 00:53:52', '2023-12-08 13:55:58');
insert into articles (article_id, title, content, writer_id, board_id, mod_date, reg_date) values (24, 'Stalingrad', 'Room 1397', 15, 2, '2024-01-17 22:53:07', '2023-05-14 16:45:59');
insert into articles (article_id, title, content, writer_id, board_id, mod_date, reg_date) values (25, 'Afterwards', 'PO Box 38397', 13, 2, '2023-12-28 07:28:56', '2023-12-26 21:35:59');
insert into articles (article_id, title, content, writer_id, board_id, mod_date, reg_date) values (26, 'Disappeared, The', '5th Floor', 16, 1, '2023-06-29 06:49:05', '2024-04-02 19:53:42');
insert into articles (article_id, title, content, writer_id, board_id, mod_date, reg_date) values (27, 'Trading Places', 'PO Box 17466', 9, 2, '2023-12-22 18:46:27', '2023-07-21 05:30:17');
insert into articles (article_id, title, content, writer_id, board_id, mod_date, reg_date) values (28, 'Mr. Jones', '2nd Floor', 12, 2, '2023-11-10 15:22:42', '2023-06-06 14:24:05');
insert into articles (article_id, title, content, writer_id, board_id, mod_date, reg_date) values (29, 'Mister Buddwing', 'Suite 29', 8, 1, '2023-05-16 19:13:17', '2023-04-13 16:15:22');
insert into articles (article_id, title, content, writer_id, board_id, mod_date, reg_date) values (30, 'Classe Tous Risques (Big Risk, The)', 'Room 406', 11, 2, '2023-07-17 06:55:36', '2023-07-12 21:56:55');
insert into articles (article_id, title, content, writer_id, board_id, mod_date, reg_date) values (31, 'Bakhita', 'Suite 77', 7, 2, '2023-09-17 01:43:42', '2024-03-12 11:57:48');
insert into articles (article_id, title, content, writer_id, board_id, mod_date, reg_date) values (32, 'Vivien Leigh: Scarlett and Beyond', 'Apt 1822', 3, 2, '2023-04-19 18:02:02', '2023-04-16 17:59:00');
insert into articles (article_id, title, content, writer_id, board_id, mod_date, reg_date) values (33, 'Nowhere to Hide (Injeong sajeong bol geot eobtda)', 'Suite 80', 1, 2, '2023-05-16 15:50:02', '2023-12-06 12:59:44');
insert into articles (article_id, title, content, writer_id, board_id, mod_date, reg_date) values (34, 'Swedish Love Story, A (Kärlekshistoria, En)', 'PO Box 10147', 9, 2, '2024-03-10 20:37:46', '2024-01-05 11:22:55');
insert into articles (article_id, title, content, writer_id, board_id, mod_date, reg_date) values (35, 'Streets of Blood', 'Apt 1137', 11, 2, '2024-01-31 10:31:58', '2023-08-24 06:03:54');
insert into articles (article_id, title, content, writer_id, board_id, mod_date, reg_date) values (36, 'Jacqueline Susann''s Once Is Not Enough', 'Apt 1660', 16, 1, '2023-04-08 18:34:19', '2023-12-31 06:36:58');
insert into articles (article_id, title, content, writer_id, board_id, mod_date, reg_date) values (37, 'Smoke on the Potato Fields (Dým bramborové nate)', 'PO Box 35223', 4, 2, '2023-06-19 23:44:50', '2023-09-25 18:22:19');
insert into articles (article_id, title, content, writer_id, board_id, mod_date, reg_date) values (38, 'Assault on Precinct 13', 'Room 1171', 20, 2, '2023-08-10 14:42:53', '2023-10-28 13:09:30');
insert into articles (article_id, title, content, writer_id, board_id, mod_date, reg_date) values (39, 'Valley of the Bees (Údolí vcel)', 'PO Box 56646', 5, 1, '2023-09-05 05:35:25', '2023-05-15 04:06:55');
insert into articles (article_id, title, content, writer_id, board_id, mod_date, reg_date) values (40, 'Blood Work', '1st Floor', 20, 1, '2024-01-28 19:22:05', '2024-03-16 21:14:17');
insert into articles (article_id, title, content, writer_id, board_id, mod_date, reg_date) values (41, 'Wrong', 'PO Box 30429', 5, 2, '2023-09-24 21:20:23', '2023-10-25 09:00:42');
insert into articles (article_id, title, content, writer_id, board_id, mod_date, reg_date) values (42, 'Bush''s Brain', 'PO Box 78875', 15, 2, '2023-10-16 20:47:16', '2023-04-21 22:56:41');
insert into articles (article_id, title, content, writer_id, board_id, mod_date, reg_date) values (43, 'Human Comedy, The', '18th Floor', 15, 2, '2023-10-26 07:28:49', '2023-09-14 18:19:31');
insert into articles (article_id, title, content, writer_id, board_id, mod_date, reg_date) values (44, 'Mon Oncle Antoine', 'PO Box 62534', 4, 2, '2023-09-05 06:27:15', '2023-09-07 13:11:19');
insert into articles (article_id, title, content, writer_id, board_id, mod_date, reg_date) values (45, 'Jeepers Creepers 2', 'Apt 525', 2, 2, '2023-12-19 17:33:02', '2023-09-08 08:56:05');
insert into articles (article_id, title, content, writer_id, board_id, mod_date, reg_date) values (46, 'Her Alibi', 'Suite 27', 12, 1, '2023-10-08 23:58:44', '2023-06-05 04:39:48');
insert into articles (article_id, title, content, writer_id, board_id, mod_date, reg_date) values (47, 'B.T.K.', '7th Floor', 17, 1, '2024-02-18 14:54:46', '2024-02-20 14:08:11');
insert into articles (article_id, title, content, writer_id, board_id, mod_date, reg_date) values (48, 'Asylum', 'PO Box 2085', 12, 2, '2023-11-06 00:30:05', '2023-06-18 18:57:21');
insert into articles (article_id, title, content, writer_id, board_id, mod_date, reg_date) values (49, 'Lila Says (Lila dit ça)', '1st Floor', 14, 1, '2024-01-19 10:19:13', '2023-04-11 20:30:45');
insert into articles (article_id, title, content, writer_id, board_id, mod_date, reg_date) values (50, 'Deal, The', 'Room 926', 4, 2, '2023-10-20 00:18:15', '2023-08-13 12:23:33');
insert into articles (article_id, title, content, writer_id, board_id, mod_date, reg_date) values (51, 'Tout ce qui brille', 'Suite 64', 2, 2, '2023-10-18 15:13:12', '2024-02-13 08:52:20');
insert into articles (article_id, title, content, writer_id, board_id, mod_date, reg_date) values (52, 'Invasion of the Body Snatchers', 'PO Box 37094', 11, 1, '2023-08-07 19:53:09', '2023-06-21 03:11:39');
insert into articles (article_id, title, content, writer_id, board_id, mod_date, reg_date) values (53, 'My Dear Enemy (Meotjin haru)', 'Room 808', 13, 1, '2023-08-24 15:09:33', '2023-08-07 03:16:32');
insert into articles (article_id, title, content, writer_id, board_id, mod_date, reg_date) values (54, 'Barbary Coast', 'Suite 98', 18, 2, '2024-02-05 16:16:08', '2024-01-15 12:49:15');
insert into articles (article_id, title, content, writer_id, board_id, mod_date, reg_date) values (55, 'The Last of the Finest', 'Room 144', 3, 1, '2023-08-16 17:00:33', '2024-02-06 12:17:04');
insert into articles (article_id, title, content, writer_id, board_id, mod_date, reg_date) values (56, 'Cass', 'Room 711', 9, 2, '2023-04-22 06:17:37', '2023-06-04 05:50:42');
insert into articles (article_id, title, content, writer_id, board_id, mod_date, reg_date) values (57, 'Sea Hawk, The', 'Suite 51', 19, 1, '2023-07-13 09:35:28', '2023-04-27 12:40:39');
insert into articles (article_id, title, content, writer_id, board_id, mod_date, reg_date) values (58, 'National Lampoon''s Van Wilder', '18th Floor', 1, 2, '2023-12-21 22:14:42', '2024-02-07 03:51:55');
insert into articles (article_id, title, content, writer_id, board_id, mod_date, reg_date) values (59, 'Shanghai', 'Room 1232', 4, 2, '2023-09-10 12:13:19', '2023-12-19 05:06:34');
insert into articles (article_id, title, content, writer_id, board_id, mod_date, reg_date) values (60, 'Connie and Carla', 'PO Box 96118', 12, 1, '2023-11-27 00:01:44', '2023-12-31 07:11:22');
insert into articles (article_id, title, content, writer_id, board_id, mod_date, reg_date) values (61, 'Buffalo ''66 (a.k.a. Buffalo 66)', 'Room 806', 15, 1, '2024-01-22 23:05:56', '2023-08-20 12:20:14');
insert into articles (article_id, title, content, writer_id, board_id, mod_date, reg_date) values (62, 'Taxi', '14th Floor', 3, 2, '2023-11-04 16:09:32', '2024-03-28 09:21:57');
insert into articles (article_id, title, content, writer_id, board_id, mod_date, reg_date) values (63, 'Remington and the Curse of the Zombadings', 'Apt 60', 8, 1, '2023-07-10 13:26:33', '2023-11-13 10:07:51');
insert into articles (article_id, title, content, writer_id, board_id, mod_date, reg_date) values (64, 'Hollywood Revue of 1929, The', '10th Floor', 11, 1, '2023-12-16 00:17:21', '2023-07-18 19:58:36');
insert into articles (article_id, title, content, writer_id, board_id, mod_date, reg_date) values (65, 'Dorian Gray', 'Room 1423', 15, 1, '2023-08-02 11:56:15', '2023-10-29 14:08:46');
insert into articles (article_id, title, content, writer_id, board_id, mod_date, reg_date) values (66, 'Brothers Lionheart, The (Bröderna Lejonhjärta)', 'Apt 918', 14, 1, '2023-06-14 09:31:54', '2023-10-16 08:46:07');
insert into articles (article_id, title, content, writer_id, board_id, mod_date, reg_date) values (67, 'Vampire Academy', 'Suite 22', 14, 1, '2024-03-16 07:13:43', '2023-10-14 10:31:38');
insert into articles (article_id, title, content, writer_id, board_id, mod_date, reg_date) values (68, 'Who Are the DeBolts? [And Where Did They Get 19 Kids?]', 'Apt 505', 19, 2, '2023-07-31 20:59:35', '2024-03-22 06:16:10');
insert into articles (article_id, title, content, writer_id, board_id, mod_date, reg_date) values (69, 'Loving Father, A (Aime ton père)', 'PO Box 8168', 15, 2, '2023-10-23 22:36:08', '2023-08-15 08:23:48');
insert into articles (article_id, title, content, writer_id, board_id, mod_date, reg_date) values (70, 'Eat Sleep Die (Äta sova dö)', 'Room 1117', 17, 2, '2023-11-10 17:52:53', '2023-04-29 05:26:06');
insert into articles (article_id, title, content, writer_id, board_id, mod_date, reg_date) values (71, 'Best Foot Forward', 'PO Box 2407', 3, 2, '2023-07-19 17:03:43', '2023-09-04 00:29:08');
insert into articles (article_id, title, content, writer_id, board_id, mod_date, reg_date) values (72, 'East Palace West Palace (Dong gong xi gong)', 'Suite 99', 14, 1, '2023-04-09 06:38:05', '2023-08-31 15:50:58');
insert into articles (article_id, title, content, writer_id, board_id, mod_date, reg_date) values (73, 'On Guard (Bossu, Le)', 'Apt 1619', 2, 2, '2023-06-24 22:32:29', '2023-10-20 06:33:00');
insert into articles (article_id, title, content, writer_id, board_id, mod_date, reg_date) values (74, 'Who Are the DeBolts? [And Where Did They Get 19 Kids?]', 'Room 274', 8, 1, '2023-05-07 19:34:07', '2023-07-25 07:03:29');
insert into articles (article_id, title, content, writer_id, board_id, mod_date, reg_date) values (75, 'Foster Brothers, The (Süt kardesler)', 'Suite 62', 3, 2, '2023-08-07 12:52:29', '2023-10-22 02:55:54');
insert into articles (article_id, title, content, writer_id, board_id, mod_date, reg_date) values (76, 'Taxing Woman, A (Marusa no onna)', 'PO Box 40195', 10, 1, '2023-05-17 00:43:06', '2023-10-20 15:42:23');
insert into articles (article_id, title, content, writer_id, board_id, mod_date, reg_date) values (77, 'Tonight You''re Mine', 'Suite 8', 16, 1, '2023-04-18 21:44:23', '2023-06-26 20:22:10');
insert into articles (article_id, title, content, writer_id, board_id, mod_date, reg_date) values (78, 'Hellraiser: Hellworld', 'PO Box 1297', 3, 2, '2024-03-26 16:36:27', '2024-01-12 09:27:51');
insert into articles (article_id, title, content, writer_id, board_id, mod_date, reg_date) values (79, 'Simon Killer ', 'Suite 96', 12, 2, '2023-12-27 03:43:28', '2023-07-03 16:49:49');
insert into articles (article_id, title, content, writer_id, board_id, mod_date, reg_date) values (80, 'Pleasure at Her Majesty''s', 'Apt 1129', 12, 2, '2023-06-27 11:54:45', '2023-05-06 03:16:01');
insert into articles (article_id, title, content, writer_id, board_id, mod_date, reg_date) values (81, 'Fantastic Fear of Everything, A', 'Room 926', 11, 1, '2023-12-18 21:21:59', '2023-11-22 16:02:55');
insert into articles (article_id, title, content, writer_id, board_id, mod_date, reg_date) values (82, 'Spun', 'Apt 1550', 20, 1, '2023-11-10 23:59:14', '2023-05-17 22:22:29');
insert into articles (article_id, title, content, writer_id, board_id, mod_date, reg_date) values (83, 'The Last Station', 'Suite 20', 15, 1, '2023-12-15 12:35:43', '2024-03-06 19:26:36');
insert into articles (article_id, title, content, writer_id, board_id, mod_date, reg_date) values (84, 'Lucky Luke: The Ballad of the Daltons', 'Room 1620', 7, 1, '2023-04-27 07:22:28', '2023-06-08 14:57:07');
insert into articles (article_id, title, content, writer_id, board_id, mod_date, reg_date) values (85, 'Monster X Strikes Back: Attack the G8 Summit, The (Girara no gyakushû: Tôya-ko Samitto kikiippatsu)', 'PO Box 25275', 8, 1, '2023-07-10 10:39:12', '2023-04-14 00:40:06');
insert into articles (article_id, title, content, writer_id, board_id, mod_date, reg_date) values (86, 'Shepherd of the Hills, The', 'PO Box 91734', 10, 2, '2023-11-19 10:35:36', '2023-06-11 15:54:53');
insert into articles (article_id, title, content, writer_id, board_id, mod_date, reg_date) values (87, 'Belle toujours', 'PO Box 4843', 12, 2, '2024-03-15 01:33:56', '2023-10-21 02:14:31');
insert into articles (article_id, title, content, writer_id, board_id, mod_date, reg_date) values (88, 'Into the Night', '12th Floor', 15, 1, '2023-09-22 11:07:18', '2023-10-07 13:12:09');
insert into articles (article_id, title, content, writer_id, board_id, mod_date, reg_date) values (89, 'Boiling Point (3-4 x jûgatsu)', 'Suite 42', 18, 2, '2023-04-27 20:13:30', '2024-01-30 09:34:30');
insert into articles (article_id, title, content, writer_id, board_id, mod_date, reg_date) values (90, 'Dance of the Dead', 'PO Box 73494', 6, 2, '2023-08-21 09:09:40', '2023-12-16 04:12:16');
insert into articles (article_id, title, content, writer_id, board_id, mod_date, reg_date) values (91, 'Pieces of April', 'Suite 68', 14, 1, '2023-11-30 23:50:27', '2023-07-24 03:26:31');
insert into articles (article_id, title, content, writer_id, board_id, mod_date, reg_date) values (92, 'Angels in the Outfield', 'Room 228', 6, 1, '2023-12-05 13:11:03', '2023-10-31 11:43:52');
insert into articles (article_id, title, content, writer_id, board_id, mod_date, reg_date) values (93, 'The Wild Bunch: An Album in Montage', 'Room 763', 17, 2, '2024-02-05 01:10:51', '2023-07-08 22:41:29');
insert into articles (article_id, title, content, writer_id, board_id, mod_date, reg_date) values (94, 'Read It and Weep', '20th Floor', 19, 2, '2023-04-21 18:45:26', '2023-08-25 03:35:45');
insert into articles (article_id, title, content, writer_id, board_id, mod_date, reg_date) values (95, 'Wartorn: 1861-2010', 'Suite 96', 1, 1, '2024-02-11 12:36:10', '2023-06-09 09:30:16');
insert into articles (article_id, title, content, writer_id, board_id, mod_date, reg_date) values (96, 'Submerged', 'Apt 816', 9, 1, '2024-01-25 10:19:45', '2023-08-28 16:30:46');
insert into articles (article_id, title, content, writer_id, board_id, mod_date, reg_date) values (97, 'Chelsea Girls', 'Suite 7', 19, 2, '2023-07-21 17:46:32', '2024-02-14 01:24:21');
insert into articles (article_id, title, content, writer_id, board_id, mod_date, reg_date) values (98, 'Sommer der Gaukler, Der', '2nd Floor', 2, 1, '2023-06-09 03:35:26', '2023-08-02 13:07:47');
insert into articles (article_id, title, content, writer_id, board_id, mod_date, reg_date) values (99, 'Tyler Perry''s Diary of a Mad Black Woman', '9th Floor', 1, 1, '2023-10-29 18:53:19', '2023-06-27 03:06:59');
insert into articles (article_id, title, content, writer_id, board_id, mod_date, reg_date) values (100, 'Babysitter Wanted', 'Apt 1493', 20, 1, '2023-06-23 10:30:50', '2023-04-28 07:56:14');